file_type,file_number,file_date,documents,documents_xml,interactive_data,filing_number
10-Q,001-36743231141522,2023-08-04,https://www.sec.gov/Archives/edgar/data/320193/000032019323000077/0000320193-23-000077-index.htm,https://www.sec.gov/Archives/edgar/data/320193/000032019323000077/FilingSummary.xml,https://www.sec.gov/cgi-bin/viewer?action=view&cik=320193&accession_number=0000320193-23-000077&xbrl_type=v,https://www.sec.gov/cgi-bin/browse-edgar?action=getcompany&filenum=001-36743&owner=exclude&count=100
10-Q,001-3674323890444,2023-05-05,https://www.sec.gov/Archives/edgar/data/320193/000032019323000064/0000320193-23-000064-index.htm,https://www.sec.gov/Archives/edgar/data/320193/000032019323000064/FilingSummary.xml,https://www.sec.gov/cgi-bin/viewer?action=view&cik=320193&accession_number=0000320193-23-000064&xbrl_type=v,https://www.sec.gov/cgi-bin/browse-edgar?action=getcompany&filenum=001-36743&owner=exclude&count=100
10-Q,001-3674323582662,2023-02-03,https://www.sec.gov/Archives/edgar/data/320193/000032019323000006/0000320193-23-000006-index.htm,https://www.sec.gov/Archives/edgar/data/320193/000032019323000006/FilingSummary.xml,https://www.sec.gov/cgi-bin/viewer?action=view&cik=320193&accession_number=0000320193-23-000006&xbrl_type=v,https://www.sec.gov/cgi-bin/browse-edgar?action=getcompany&filenum=001-36743&owner=exclude&count=100
10-Q,001-36743221116600,2022-07-29,https://www.sec.gov/Archives/edgar/data/320193/000032019322000070/0000320193-22-000070-index.htm,https://www.sec.gov/Archives/edgar/data/320193/000032019322000070/FilingSummary.xml,https://www.sec.gov/cgi-bin/viewer?action=view&cik=320193&accession_number=0000320193-22-000070&xbrl_type=v,https://www.sec.gov/cgi-bin/browse-edgar?action=getcompany&filenum=001-36743&owner=exclude&count=100
10-Q,001-3674322868650,2022-04-29,https://www.sec.gov/Archives/edgar/data/320193/000032019322000059/0000320193-22-000059-index.htm,https://www.sec.gov/Archives/edgar/data/320193/000032019322000059/FilingSummary.xml,https://www.sec.gov/cgi-bin/viewer?action=view&cik=320193&accession_number=0000320193-22-000059&xbrl_type=v,https://www.sec.gov/cgi-bin/browse-edgar?action=getcompany&filenum=001-36743&owner=exclude&count=100
10-Q,001-3674322564628,2022-01-28,https://www.sec.gov/Archives/edgar/data/320193/000032019322000007/0000320193-22-000007-index.htm,https://www.sec.gov/Archives/edgar/data/320193/000032019322000007/FilingSummary.xml,https://www.sec.gov/cgi-bin/viewer?action=view&cik=320193&accession_number=0000320193-22-000007&xbrl_type=v,https://www.sec.gov/cgi-bin/browse-edgar?action=getcompany&filenum=001-36743&owner=exclude&count=100
10-Q,001-36743211119137,2021-07-28,https://www.sec.gov/Archives/edgar/data/320193/000032019321000065/0000320193-21-000065-index.htm,https://www.sec.gov/Archives/edgar/data/320193/000032019321000065/FilingSummary.xml,https://www.sec.gov/cgi-bin/viewer?action=view&cik=320193&accession_number=0000320193-21-000065&xbrl_type=v,https://www.sec.gov/cgi-bin/browse-edgar?action=getcompany&filenum=001-36743&owner=exclude&count=100
10-Q,001-3674321866148,2021-04-29,https://www.sec.gov/Archives/edgar/data/320193/000032019321000056/0000320193-21-000056-index.htm,https://www.sec.gov/Archives/edgar/data/320193/000032019321000056/FilingSummary.xml,https://www.sec.gov/cgi-bin/viewer?action=view&cik=320193&accession_number=0000320193-21-000056&xbrl_type=v,https://www.sec.gov/cgi-bin/browse-edgar?action=getcompany&filenum=001-36743&owner=exclude&count=100
10-Q,001-3674321561251,2021-01-28,https://www.sec.gov/Archives/edgar/data/320193/000032019321000010/0000320193-21-000010-index.htm,https://www.sec.gov/Archives/edgar/data/320193/000032019321000010/FilingSummary.xml,https://www.sec.gov/cgi-bin/viewer?action=view&cik=320193&accession_number=0000320193-21-000010&xbrl_type=v,https://www.sec.gov/cgi-bin/browse-edgar?action=getcompany&filenum=001-36743&owner=exclude&count=100
10-Q,001-36743201062122,2020-07-31,https://www.sec.gov/Archives/edgar/data/320193/000032019320000062/0000320193-20-000062-index.htm,https://www.sec.gov/Archives/edgar/data/320193/000032019320000062/FilingSummary.xml,https://www.sec.gov/cgi-bin/viewer?action=view&cik=320193&accession_number=0000320193-20-000062&xbrl_type=v,https://www.sec.gov/cgi-bin/browse-edgar?action=getcompany&filenum=001-36743&owner=exclude&count=100
10-Q,001-3674320837377,2020-05-01,https://www.sec.gov/Archives/edgar/data/320193/000032019320000052/0000320193-20-000052-index.htm,https://www.sec.gov/Archives/edgar/data/320193/000032019320000052/FilingSummary.xml,https://www.sec.gov/cgi-bin/viewer?action=view&cik=320193&accession_number=0000320193-20-000052&xbrl_type=v,https://www.sec.gov/cgi-bin/browse-edgar?action=getcompany&filenum=001-36743&owner=exclude&count=100
10-Q,001-3674320555794,2020-01-29,https://www.sec.gov/Archives/edgar/data/320193/000032019320000010/0000320193-20-000010-index.htm,https://www.sec.gov/Archives/edgar/data/320193/000032019320000010/FilingSummary.xml,https://www.sec.gov/cgi-bin/viewer?action=view&cik=320193&accession_number=0000320193-20-000010&xbrl_type=v,https://www.sec.gov/cgi-bin/browse-edgar?action=getcompany&filenum=001-36743&owner=exclude&count=100
10-Q,001-3674319989192,2019-07-31,https://www.sec.gov/Archives/edgar/data/320193/000032019319000076/0000320193-19-000076-index.htm,https://www.sec.gov/Archives/edgar/data/320193/000032019319000076/FilingSummary.xml,https://www.sec.gov/cgi-bin/viewer?action=view&cik=320193&accession_number=0000320193-19-000076&xbrl_type=v,https://www.sec.gov/cgi-bin/browse-edgar?action=getcompany&filenum=001-36743&owner=exclude&count=100
10-Q,001-3674319788072,2019-05-01,https://www.sec.gov/Archives/edgar/data/320193/000032019319000066/0000320193-19-000066-index.htm,https://www.sec.gov/Archives/edgar/data/320193/000032019319000066/FilingSummary.xml,https://www.sec.gov/cgi-bin/viewer?action=view&cik=320193&accession_number=0000320193-19-000066&xbrl_type=v,https://www.sec.gov/cgi-bin/browse-edgar?action=getcompany&filenum=001-36743&owner=exclude&count=100
10-Q,001-3674319552275,2019-01-30,https://www.sec.gov/Archives/edgar/data/320193/000032019319000010/0000320193-19-000010-index.htm,https://www.sec.gov/Archives/edgar/data/320193/000032019319000010/FilingSummary.xml,https://www.sec.gov/cgi-bin/viewer?action=view&cik=320193&accession_number=0000320193-19-000010&xbrl_type=v,https://www.sec.gov/cgi-bin/browse-edgar?action=getcompany&filenum=001-36743&owner=exclude&count=100
10-Q,001-3674318985212,2018-08-01,https://www.sec.gov/Archives/edgar/data/320193/000032019318000100/0000320193-18-000100-index.htm,https://www.sec.gov/Archives/edgar/data/320193/000032019318000100/FilingSummary.xml,https://www.sec.gov/cgi-bin/viewer?action=view&cik=320193&accession_number=0000320193-18-000100&xbrl_type=v,https://www.sec.gov/cgi-bin/browse-edgar?action=getcompany&filenum=001-36743&owner=exclude&count=100
10-Q,001-3674318800115,2018-05-02,https://www.sec.gov/Archives/edgar/data/320193/000032019318000070/0000320193-18-000070-index.htm,https://www.sec.gov/Archives/edgar/data/320193/000032019318000070/FilingSummary.xml,https://www.sec.gov/cgi-bin/viewer?action=view&cik=320193&accession_number=0000320193-18-000070&xbrl_type=v,https://www.sec.gov/cgi-bin/browse-edgar?action=getcompany&filenum=001-36743&owner=exclude&count=100
10-Q,001-3674318568703,2018-02-02,https://www.sec.gov/Archives/edgar/data/320193/000032019318000007/0000320193-18-000007-index.htm,https://www.sec.gov/Archives/edgar/data/320193/000032019318000007/FilingSummary.xml,https://www.sec.gov/cgi-bin/viewer?action=view&cik=320193&accession_number=0000320193-18-000007&xbrl_type=v,https://www.sec.gov/cgi-bin/browse-edgar?action=getcompany&filenum=001-36743&owner=exclude&count=100
10-Q,001-36743171000359,2017-08-02,https://www.sec.gov/Archives/edgar/data/320193/000032019317000009/0000320193-17-000009-index.htm,https://www.sec.gov/Archives/edgar/data/320193/000032019317000009/FilingSummary.xml,https://www.sec.gov/cgi-bin/viewer?action=view&cik=320193&accession_number=0000320193-17-000009&xbrl_type=v,https://www.sec.gov/cgi-bin/browse-edgar?action=getcompany&filenum=001-36743&owner=exclude&count=100
10-Q,001-3674317809653,2017-05-03,https://www.sec.gov/Archives/edgar/data/320193/000162828017004790/0001628280-17-004790-index.htm,https://www.sec.gov/Archives/edgar/data/320193/000162828017004790/FilingSummary.xml,https://www.sec.gov/cgi-bin/viewer?action=view&cik=320193&accession_number=0001628280-17-004790&xbrl_type=v,https://www.sec.gov/cgi-bin/browse-edgar?action=getcompany&filenum=001-36743&owner=exclude&count=100
10-Q,001-3674317565317,2017-02-01,https://www.sec.gov/Archives/edgar/data/320193/000162828017000717/0001628280-17-000717-index.htm,https://www.sec.gov/Archives/edgar/data/320193/000162828017000717/FilingSummary.xml,https://www.sec.gov/cgi-bin/viewer?action=view&cik=320193&accession_number=0001628280-17-000717&xbrl_type=v,https://www.sec.gov/cgi-bin/browse-edgar?action=getcompany&filenum=001-36743&owner=exclude&count=100
10-Q,001-36743161787078,2016-07-27,https://www.sec.gov/Archives/edgar/data/320193/000162828016017809/0001628280-16-017809-index.htm,https://www.sec.gov/Archives/edgar/data/320193/000162828016017809/FilingSummary.xml,https://www.sec.gov/cgi-bin/viewer?action=view&cik=320193&accession_number=0001628280-16-017809&xbrl_type=v,https://www.sec.gov/cgi-bin/browse-edgar?action=getcompany&filenum=001-36743&owner=exclude&count=100
10-Q,001-36743161595799,2016-04-27,https://www.sec.gov/Archives/edgar/data/320193/000119312516559625/0001193125-16-559625-index.htm,https://www.sec.gov/Archives/edgar/data/320193/000119312516559625/FilingSummary.xml,https://www.sec.gov/cgi-bin/viewer?action=view&cik=320193&accession_number=0001193125-16-559625&xbrl_type=v,https://www.sec.gov/cgi-bin/browse-edgar?action=getcompany&filenum=001-36743&owner=exclude&count=100
10-Q,001-36743161365395,2016-01-27,https://www.sec.gov/Archives/edgar/data/320193/000119312516439878/0001193125-16-439878-index.htm,https://www.sec.gov/Archives/edgar/data/320193/000119312516439878/FilingSummary.xml,https://www.sec.gov/cgi-bin/viewer?action=view&cik=320193&accession_number=0001193125-16-439878&xbrl_type=v,https://www.sec.gov/cgi-bin/browse-edgar?action=getcompany&filenum=001-36743&owner=exclude&count=100
10-Q,001-36743151000501,2015-07-22,https://www.sec.gov/Archives/edgar/data/320193/000119312515259935/0001193125-15-259935-index.htm,https://www.sec.gov/Archives/edgar/data/320193/000119312515259935/FilingSummary.xml,https://www.sec.gov/cgi-bin/viewer?action=view&cik=320193&accession_number=0001193125-15-259935&xbrl_type=v,https://www.sec.gov/cgi-bin/browse-edgar?action=getcompany&filenum=001-36743&owner=exclude&count=100
10-Q,001-3674315799362,2015-04-28,https://www.sec.gov/Archives/edgar/data/320193/000119312515153166/0001193125-15-153166-index.htm,https://www.sec.gov/Archives/edgar/data/320193/000119312515153166/FilingSummary.xml,https://www.sec.gov/cgi-bin/viewer?action=view&cik=320193&accession_number=0001193125-15-153166&xbrl_type=v,https://www.sec.gov/cgi-bin/browse-edgar?action=getcompany&filenum=001-36743&owner=exclude&count=100
10-Q,001-3674315555294,2015-01-28,https://www.sec.gov/Archives/edgar/data/320193/000119312515023697/0001193125-15-023697-index.htm,https://www.sec.gov/Archives/edgar/data/320193/000119312515023697/FilingSummary.xml,https://www.sec.gov/cgi-bin/viewer?action=view&cik=320193&accession_number=0001193125-15-023697&xbrl_type=v,https://www.sec.gov/cgi-bin/browse-edgar?action=getcompany&filenum=001-36743&owner=exclude&count=100
10-Q,000-1003014989142,2014-07-23,https://www.sec.gov/Archives/edgar/data/320193/000119312514277160/0001193125-14-277160-index.htm,https://www.sec.gov/Archives/edgar/data/320193/000119312514277160/FilingSummary.xml,https://www.sec.gov/cgi-bin/viewer?action=view&cik=320193&accession_number=0001193125-14-277160&xbrl_type=v,https://www.sec.gov/cgi-bin/browse-edgar?action=getcompany&filenum=000-10030&owner=exclude&count=100
10-Q,000-1003014782284,2014-04-24,https://www.sec.gov/Archives/edgar/data/320193/000119312514157311/0001193125-14-157311-index.htm,https://www.sec.gov/Archives/edgar/data/320193/000119312514157311/FilingSummary.xml,https://www.sec.gov/cgi-bin/viewer?action=view&cik=320193&accession_number=0001193125-14-157311&xbrl_type=v,https://www.sec.gov/cgi-bin/browse-edgar?action=getcompany&filenum=000-10030&owner=exclude&count=100
10-Q,000-1003014553777,2014-01-28,https://www.sec.gov/Archives/edgar/data/320193/000119312514024487/0001193125-14-024487-index.htm,https://www.sec.gov/Archives/edgar/data/320193/000119312514024487/FilingSummary.xml,https://www.sec.gov/cgi-bin/viewer?action=view&cik=320193&accession_number=0001193125-14-024487&xbrl_type=v,https://www.sec.gov/cgi-bin/browse-edgar?action=getcompany&filenum=000-10030&owner=exclude&count=100
10-Q,000-1003013984130,2013-07-24,https://www.sec.gov/Archives/edgar/data/320193/000119312513300670/0001193125-13-300670-index.htm,https://www.sec.gov/Archives/edgar/data/320193/000119312513300670/FilingSummary.xml,https://www.sec.gov/cgi-bin/viewer?action=view&cik=320193&accession_number=0001193125-13-300670&xbrl_type=v,https://www.sec.gov/cgi-bin/browse-edgar?action=getcompany&filenum=000-10030&owner=exclude&count=100
10-Q,000-1003013777542,2013-04-24,https://www.sec.gov/Archives/edgar/data/320193/000119312513168288/0001193125-13-168288-index.htm,https://www.sec.gov/Archives/edgar/data/320193/000119312513168288/FilingSummary.xml,https://www.sec.gov/cgi-bin/viewer?action=view&cik=320193&accession_number=0001193125-13-168288&xbrl_type=v,https://www.sec.gov/cgi-bin/browse-edgar?action=getcompany&filenum=000-10030&owner=exclude&count=100
10-Q,000-1003013546136,2013-01-24,https://www.sec.gov/Archives/edgar/data/320193/000119312513022339/0001193125-13-022339-index.htm,https://www.sec.gov/Archives/edgar/data/320193/000119312513022339/FilingSummary.xml,https://www.sec.gov/cgi-bin/viewer?action=view&cik=320193&accession_number=0001193125-13-022339&xbrl_type=v,https://www.sec.gov/cgi-bin/browse-edgar?action=getcompany&filenum=000-10030&owner=exclude&count=100
10-Q,000-1003012979262,2012-07-25,https://www.sec.gov/Archives/edgar/data/320193/000119312512314552/0001193125-12-314552-index.htm,https://www.sec.gov/Archives/edgar/data/320193/000119312512314552/FilingSummary.xml,https://www.sec.gov/cgi-bin/viewer?action=view&cik=320193&accession_number=0001193125-12-314552&xbrl_type=v,https://www.sec.gov/cgi-bin/browse-edgar?action=getcompany&filenum=000-10030&owner=exclude&count=100
10-Q,000-1003012780280,2012-04-25,https://www.sec.gov/Archives/edgar/data/320193/000119312512182321/0001193125-12-182321-index.htm,https://www.sec.gov/Archives/edgar/data/320193/000119312512182321/FilingSummary.xml,https://www.sec.gov/cgi-bin/viewer?action=view&cik=320193&accession_number=0001193125-12-182321&xbrl_type=v,https://www.sec.gov/cgi-bin/browse-edgar?action=getcompany&filenum=000-10030&owner=exclude&count=100
10-Q,000-1003012545140,2012-01-25,https://www.sec.gov/Archives/edgar/data/320193/000119312512023398/0001193125-12-023398-index.htm,https://www.sec.gov/Archives/edgar/data/320193/000119312512023398/FilingSummary.xml,https://www.sec.gov/cgi-bin/viewer?action=view&cik=320193&accession_number=0001193125-12-023398&xbrl_type=v,https://www.sec.gov/cgi-bin/browse-edgar?action=getcompany&filenum=000-10030&owner=exclude&count=100
10-Q,000-1003011977855,2011-07-20,https://www.sec.gov/Archives/edgar/data/320193/000119312511192493/0001193125-11-192493-index.htm,https://www.sec.gov/Archives/edgar/data/320193/000119312511192493/FilingSummary.xml,https://www.sec.gov/cgi-bin/viewer?action=view&cik=320193&accession_number=0001193125-11-192493&xbrl_type=v,https://www.sec.gov/cgi-bin/browse-edgar?action=getcompany&filenum=000-10030&owner=exclude&count=100
10-Q,000-1003011771917,2011-04-21,https://www.sec.gov/Archives/edgar/data/320193/000119312511104388/0001193125-11-104388-index.htm,https://www.sec.gov/Archives/edgar/data/320193/000119312511104388/FilingSummary.xml,https://www.sec.gov/cgi-bin/viewer?action=view&cik=320193&accession_number=0001193125-11-104388&xbrl_type=v,https://www.sec.gov/cgi-bin/browse-edgar?action=getcompany&filenum=000-10030&owner=exclude&count=100
10-Q,000-1003011536124,2011-01-19,https://www.sec.gov/Archives/edgar/data/320193/000119312511010144/0001193125-11-010144-index.htm,https://www.sec.gov/Archives/edgar/data/320193/000119312511010144/FilingSummary.xml,https://www.sec.gov/cgi-bin/viewer?action=view&cik=320193&accession_number=0001193125-11-010144&xbrl_type=v,https://www.sec.gov/cgi-bin/browse-edgar?action=getcompany&filenum=000-10030&owner=exclude&count=100
10-Q,000-1003010962699,2010-07-21,https://www.sec.gov/Archives/edgar/data/320193/000119312510162840/0001193125-10-162840-index.htm,https://www.sec.gov/Archives/edgar/data/320193/000119312510162840/FilingSummary.xml,https://www.sec.gov/cgi-bin/viewer?action=view&cik=320193&accession_number=0001193125-10-162840&xbrl_type=v,https://www.sec.gov/cgi-bin/browse-edgar?action=getcompany&filenum=000-10030&owner=exclude&count=100
10-Q,000-1003010762128,2010-04-21,https://www.sec.gov/Archives/edgar/data/320193/000119312510088957/0001193125-10-088957-index.htm,https://www.sec.gov/Archives/edgar/data/320193/000119312510088957/FilingSummary.xml,https://www.sec.gov/cgi-bin/viewer?action=view&cik=320193&accession_number=0001193125-10-088957&xbrl_type=v,https://www.sec.gov/cgi-bin/browse-edgar?action=getcompany&filenum=000-10030&owner=exclude&count=100
10-Q,000-1003010545012,2010-01-25,https://www.sec.gov/Archives/edgar/data/320193/000119312510012085/0001193125-10-012085-index.htm,https://www.sec.gov/Archives/edgar/data/320193/000119312510012085/FilingSummary.xml,https://www.sec.gov/cgi-bin/viewer?action=view&cik=320193&accession_number=0001193125-10-012085&xbrl_type=v,https://www.sec.gov/cgi-bin/browse-edgar?action=getcompany&filenum=000-10030&owner=exclude&count=100
10-Q,000-1003009957443,2009-07-22,https://www.sec.gov/Archives/edgar/data/320193/000119312509153165/0001193125-09-153165-index.htm,https://www.sec.gov/Archives/edgar/data/320193/000119312509153165/FilingSummary.xml,https://www.sec.gov/cgi-bin/viewer?action=view&cik=320193&accession_number=0001193125-09-153165&xbrl_type=v,https://www.sec.gov/cgi-bin/browse-edgar?action=getcompany&filenum=000-10030&owner=exclude&count=100
10-Q/A,000-1003009771032,2009-04-27,https://www.sec.gov/Archives/edgar/data/320193/000119312509087629/0001193125-09-087629-index.htm,,no link,https://www.sec.gov/cgi-bin/browse-edgar?action=getcompany&filenum=000-10030&owner=exclude&count=100
10-Q,000-1003009766784,2009-04-23,https://www.sec.gov/Archives/edgar/data/320193/000119312509085781/0001193125-09-085781-index.htm,,no link,https://www.sec.gov/cgi-bin/browse-edgar?action=getcompany&filenum=000-10030&owner=exclude&count=100
10-Q,000-1003009540297,2009-01-23,https://www.sec.gov/Archives/edgar/data/320193/000119312509009937/0001193125-09-009937-index.htm,,no link,https://www.sec.gov/cgi-bin/browse-edgar?action=getcompany&filenum=000-10030&owner=exclude&count=100
10-Q,000-1003008966486,2008-07-23,https://www.sec.gov/Archives/edgar/data/320193/000119312508156421/0001193125-08-156421-index.htm,,no link,https://www.sec.gov/cgi-bin/browse-edgar?action=getcompany&filenum=000-10030&owner=exclude&count=100
10-Q,000-1003008791791,2008-05-01,https://www.sec.gov/Archives/edgar/data/320193/000119312508097759/0001193125-08-097759-index.htm,,no link,https://www.sec.gov/cgi-bin/browse-edgar?action=getcompany&filenum=000-10030&owner=exclude&count=100
10-Q,000-1003008566001,2008-02-01,https://www.sec.gov/Archives/edgar/data/320193/000119312508017426/0001193125-08-017426-index.htm,,no link,https://www.sec.gov/cgi-bin/browse-edgar?action=getcompany&filenum=000-10030&owner=exclude&count=100
10-Q,000-10030071033384,2007-08-08,https://www.sec.gov/Archives/edgar/data/320193/000110465907059873/0001104659-07-059873-index.htm,,no link,https://www.sec.gov/cgi-bin/browse-edgar?action=getcompany&filenum=000-10030&owner=exclude&count=100
10-Q,000-1003007834385,2007-05-10,https://www.sec.gov/Archives/edgar/data/320193/000110465907037745/0001104659-07-037745-index.htm,,no link,https://www.sec.gov/cgi-bin/browse-edgar?action=getcompany&filenum=000-10030&owner=exclude&count=100
10-Q,000-1003007574245,2007-02-02,https://www.sec.gov/Archives/edgar/data/320193/000110465907006648/0001104659-07-006648-index.htm,,no link,https://www.sec.gov/cgi-bin/browse-edgar?action=getcompany&filenum=000-10030&owner=exclude&count=100
10-Q,000-10030061303993,2006-12-29,https://www.sec.gov/Archives/edgar/data/320193/000110465906084286/0001104659-06-084286-index.htm,,no link,https://www.sec.gov/cgi-bin/browse-edgar?action=getcompany&filenum=000-10030&owner=exclude&count=100
10-Q,000-1003006810345,2006-05-05,https://www.sec.gov/Archives/edgar/data/320193/000110465906031303/0001104659-06-031303-index.htm,,no link,https://www.sec.gov/cgi-bin/browse-edgar?action=getcompany&filenum=000-10030&owner=exclude&count=100
10-Q,000-1003006578233,2006-02-03,https://www.sec.gov/Archives/edgar/data/320193/000110465906005910/0001104659-06-005910-index.htm,,no link,https://www.sec.gov/cgi-bin/browse-edgar?action=getcompany&filenum=000-10030&owner=exclude&count=100
10-Q,000-1003005993572,2005-08-03,https://www.sec.gov/Archives/edgar/data/320193/000110465905035792/0001104659-05-035792-index.htm,,no link,https://www.sec.gov/cgi-bin/browse-edgar?action=getcompany&filenum=000-10030&owner=exclude&count=100
10-Q,000-1003005800158,2005-05-04,https://www.sec.gov/Archives/edgar/data/320193/000110465905020421/0001104659-05-020421-index.htm,,no link,https://www.sec.gov/cgi-bin/browse-edgar?action=getcompany&filenum=000-10030&owner=exclude&count=100
10-Q,000-1003005566739,2005-02-01,https://www.sec.gov/Archives/edgar/data/320193/000110465905003520/0001104659-05-003520-index.htm,,no link,https://www.sec.gov/cgi-bin/browse-edgar?action=getcompany&filenum=000-10030&owner=exclude&count=100
10-Q,000-1003004952973,2004-08-05,https://www.sec.gov/Archives/edgar/data/320193/000110465904022384/0001104659-04-022384-index.htm,,no link,https://www.sec.gov/cgi-bin/browse-edgar?action=getcompany&filenum=000-10030&owner=exclude&count=100
10-Q,000-1003004786157,2004-05-06,https://www.sec.gov/Archives/edgar/data/320193/000110465904013021/0001104659-04-013021-index.htm,,no link,https://www.sec.gov/cgi-bin/browse-edgar?action=getcompany&filenum=000-10030&owner=exclude&count=100
10-Q,000-1003004579360,2004-02-10,https://www.sec.gov/Archives/edgar/data/320193/000110465904003080/0001104659-04-003080-index.htm,,no link,https://www.sec.gov/cgi-bin/browse-edgar?action=getcompany&filenum=000-10030&owner=exclude&count=100
10-Q,000-1003003837724,2003-08-12,https://www.sec.gov/Archives/edgar/data/320193/000110465903017766/0001104659-03-017766-index.htm,,no link,https://www.sec.gov/cgi-bin/browse-edgar?action=getcompany&filenum=000-10030&owner=exclude&count=100
10-Q,000-1003003696075,2003-05-13,https://www.sec.gov/Archives/edgar/data/320193/000110465903009489/0001104659-03-009489-index.htm,,no link,https://www.sec.gov/cgi-bin/browse-edgar?action=getcompany&filenum=000-10030&owner=exclude&count=100
10-Q,000-1003003547782,2003-02-10,https://www.sec.gov/Archives/edgar/data/320193/000104746903004566/0001047469-03-004566-index.htm,,no link,https://www.sec.gov/cgi-bin/browse-edgar?action=getcompany&filenum=000-10030&owner=exclude&count=100
10-Q,000-1003002725204,2002-08-09,https://www.sec.gov/Archives/edgar/data/320193/000091205702030796/0000912057-02-030796-index.htm,,no link,https://www.sec.gov/cgi-bin/browse-edgar?action=getcompany&filenum=000-10030&owner=exclude&count=100
10-Q,000-1003002647345,2002-05-14,https://www.sec.gov/Archives/edgar/data/320193/000091205702020280/0000912057-02-020280-index.htm,,no link,https://www.sec.gov/cgi-bin/browse-edgar?action=getcompany&filenum=000-10030&owner=exclude&count=100
10-Q,000-1003002534550,2002-02-11,https://www.sec.gov/Archives/edgar/data/320193/000091205702004945/0000912057-02-004945-index.htm,,no link,https://www.sec.gov/cgi-bin/browse-edgar?action=getcompany&filenum=000-10030&owner=exclude&count=100
10-Q,000-100301707247,2001-08-13,https://www.sec.gov/Archives/edgar/data/320193/000091205701528148/0000912057-01-528148-index.htm,,no link,https://www.sec.gov/cgi-bin/browse-edgar?action=getcompany&filenum=000-10030&owner=exclude&count=100
10-Q,000-100301633697,2001-05-14,https://www.sec.gov/Archives/edgar/data/320193/000091205701515409/0000912057-01-515409-index.htm,,no link,https://www.sec.gov/cgi-bin/browse-edgar?action=getcompany&filenum=000-10030&owner=exclude&count=100
10-Q,000-10030626787,2000-05-11,https://www.sec.gov/Archives/edgar/data/320193/0000912057-00-023442-index.html,,no link,https://www.sec.gov/cgi-bin/browse-edgar?action=getcompany&filenum=000-10030&owner=exclude&count=100
10-Q,000-10030518560,2000-02-01,https://www.sec.gov/Archives/edgar/data/320193/0000912057-00-003201-index.html,,no link,https://www.sec.gov/cgi-bin/browse-edgar?action=getcompany&filenum=000-10030&owner=exclude&count=100
10-Q,000-1003099680016,1999-08-06,https://www.sec.gov/Archives/edgar/data/320193/0000320193-99-000009-index.html,,no link,https://www.sec.gov/cgi-bin/browse-edgar?action=getcompany&filenum=000-10030&owner=exclude&count=100
10-Q,000-1003099617115,1999-05-11,https://www.sec.gov/Archives/edgar/data/320193/0000320193-99-000004-index.html,,no link,https://www.sec.gov/cgi-bin/browse-edgar?action=getcompany&filenum=000-10030&owner=exclude&count=100
10-Q,000-1003099524101,1999-02-08,https://www.sec.gov/Archives/edgar/data/320193/0000320193-99-000002-index.html,,no link,https://www.sec.gov/cgi-bin/browse-edgar?action=getcompany&filenum=000-10030&owner=exclude&count=100
10-Q,000-1003098680930,1998-08-10,https://www.sec.gov/Archives/edgar/data/320193/0000320193-98-000008-index.html,,no link,https://www.sec.gov/cgi-bin/browse-edgar?action=getcompany&filenum=000-10030&owner=exclude&count=100
10-Q,000-1003098615298,1998-05-11,https://www.sec.gov/Archives/edgar/data/320193/0000320193-98-000006-index.html,,no link,https://www.sec.gov/cgi-bin/browse-edgar?action=getcompany&filenum=000-10030&owner=exclude&count=100
10-Q,000-1003098524718,1998-02-09,https://www.sec.gov/Archives/edgar/data/320193/0000320193-98-000003-index.html,,no link,https://www.sec.gov/cgi-bin/browse-edgar?action=getcompany&filenum=000-10030&owner=exclude&count=100
10-Q/A,000-1003097691951,1997-10-07,https://www.sec.gov/Archives/edgar/data/320193/0000320193-97-000021-index.html,,no link,https://www.sec.gov/cgi-bin/browse-edgar?action=getcompany&filenum=000-10030&owner=exclude&count=100
10-Q,000-1003097655914,1997-08-11,https://www.sec.gov/Archives/edgar/data/320193/0000320193-97-000014-index.html,,no link,https://www.sec.gov/cgi-bin/browse-edgar?action=getcompany&filenum=000-10030&owner=exclude&count=100
10-Q,000-1003097601037,1997-05-12,https://www.sec.gov/Archives/edgar/data/320193/0000320193-97-000011-index.html,,no link,https://www.sec.gov/cgi-bin/browse-edgar?action=getcompany&filenum=000-10030&owner=exclude&count=100
10-Q,000-1003097521233,1997-02-10,https://www.sec.gov/Archives/edgar/data/320193/0000320193-97-000002-index.html,,no link,https://www.sec.gov/cgi-bin/browse-edgar?action=getcompany&filenum=000-10030&owner=exclude&count=100
10-Q,000-1003096609020,1996-08-12,https://www.sec.gov/Archives/edgar/data/320193/0000320193-96-000018-index.html,,no link,https://www.sec.gov/cgi-bin/browse-edgar?action=getcompany&filenum=000-10030&owner=exclude&count=100
10-Q,000-1003096562018,1996-05-13,https://www.sec.gov/Archives/edgar/data/320193/0000320193-96-000011-index.html,,no link,https://www.sec.gov/cgi-bin/browse-edgar?action=getcompany&filenum=000-10030&owner=exclude&count=100
10-Q,000-1003096516045,1996-02-12,https://www.sec.gov/Archives/edgar/data/320193/0000320193-96-000002-index.html,,no link,https://www.sec.gov/cgi-bin/browse-edgar?action=getcompany&filenum=000-10030&owner=exclude&count=100
10-Q,000-1003095561662,1995-08-11,https://www.sec.gov/Archives/edgar/data/320193/0000320193-95-000011-index.html,,no link,https://www.sec.gov/cgi-bin/browse-edgar?action=getcompany&filenum=000-10030&owner=exclude&count=100
10-Q,000-1003095539148,1995-05-15,https://www.sec.gov/Archives/edgar/data/320193/0000320193-95-000008-index.html,,no link,https://www.sec.gov/cgi-bin/browse-edgar?action=getcompany&filenum=000-10030&owner=exclude&count=100
10-Q,000-1003095506795,1995-02-09,https://www.sec.gov/Archives/edgar/data/320193/0000320193-95-000003-index.html,,no link,https://www.sec.gov/cgi-bin/browse-edgar?action=getcompany&filenum=000-10030&owner=exclude&count=100
10-Q,000-1003094543802,1994-08-12,https://www.sec.gov/Archives/edgar/data/320193/0000320193-94-000013-index.html,,no link,https://www.sec.gov/cgi-bin/browse-edgar?action=getcompany&filenum=000-10030&owner=exclude&count=100
10-Q,000-1003094502732,1994-01-26,https://www.sec.gov/Archives/edgar/data/320193/0000320193-94-000002-index.html,,no link,https://www.sec.gov/cgi-bin/browse-edgar?action=getcompany&filenum=000-10030&owner=exclude&count=100
